{
    "$schema": "https://schema.management.azure.com/schemas/2015-01-01/deploymentTemplate.json#",
    "contentVersion": "1.0.0.0",
    "parameters": {
        "IotHubs_iot_hub_2cd4fc8f_name": {
            "defaultValue": "iot-hub-2cd4fc8f",
            "type": "String"
        },
        "storageAccounts_iotblob2cd4fc8f_name": {
            "defaultValue": "iotblob2cd4fc8f",
            "type": "String"
        },
        "streamingjobs_iot_asa_2cd4fc8f_name": {
            "defaultValue": "iot-asa-2cd4fc8f",
            "type": "String"
        },
        "databaseAccounts_iot_cosmos_2cd4fc8f_name": {
            "defaultValue": "iot-cosmos-2cd4fc8f",
            "type": "String"
        },
        "environments_iot_tsi_2cd4fc8f_name": {
            "defaultValue": "iot-tsi-2cd4fc8f",
            "type": "String"
        }
    },
    "variables": {},
    "resources": [
        {
            "type": "Microsoft.Devices/IotHubs",
            "apiVersion": "2018-04-01",
            "name": "[parameters('IotHubs_iot_hub_2cd4fc8f_name')]",
            "location": "westus",
            "sku": {
                "name": "S1",
                "tier": "Standard",
                "capacity": 1
            },
            "properties": {
                "operationsMonitoringProperties": {
                    "events": {
                        "None": "None",
                        "Connections": "None",
                        "DeviceTelemetry": "None",
                        "C2DCommands": "None",
                        "DeviceIdentityOperations": "None",
                        "FileUploadOperations": "None",
                        "Routes": "None"
                    }
                },
                "ipFilterRules": [],
                "eventHubEndpoints": {
                    "events": {
                        "retentionTimeInDays": 1,
                        "partitionCount": 4,
                        "partitionIds": [
                            "0",
                            "1",
                            "2",
                            "3"
                        ],
                        "path": "[parameters('IotHubs_iot_hub_2cd4fc8f_name')]",
                        "endpoint": "sb://iothub-ns-iot-hub-2c-1523722-c60b105f97.servicebus.windows.net/"
                    },
                    "operationsMonitoringEvents": {
                        "retentionTimeInDays": 1,
                        "partitionCount": 4,
                        "partitionIds": [
                            "0",
                            "1",
                            "2",
                            "3"
                        ],
                        "path": "[concat(parameters('IotHubs_iot_hub_2cd4fc8f_name'), '-operationmonitoring')]",
                        "endpoint": "sb://iothub-ns-iot-hub-2c-1523722-c60b105f97.servicebus.windows.net/"
                    }
                },
                "routing": {
                    "endpoints": {
                        "serviceBusQueues": [],
                        "serviceBusTopics": [],
                        "eventHubs": [],
                        "storageContainers": [
                            {
                                "connectionString": "DefaultEndpointsProtocol=https;AccountName=iotblob2cd4fc8f;AccountKey=****",
                                "containerName": "telemetry",
                                "fileNameFormat": "{iothub}/{partition}/{YYYY}/{MM}/{DD}/{HH}/{mm}",
                                "batchFrequencyInSeconds": 60,
                                "maxChunkSizeInBytes": 104857600,
                                "encoding": "avro",
                                "name": "blobendpoint",
                                "subscriptionId": "950d7b85-5b12-482f-a8f7-713e4bd434ea",
                                "resourceGroup": "IoTCapstoneRG"
                            }
                        ]
                    },
                    "routes": [],
                    "fallbackRoute": {
                        "name": "$fallback",
                        "source": "DeviceMessages",
                        "condition": "true",
                        "endpointNames": [
                            "events"
                        ],
                        "isEnabled": true
                    }
                },
                "storageEndpoints": {
                    "$default": {
                        "sasTtlAsIso8601": "PT1H",
                        "connectionString": "",
                        "containerName": ""
                    }
                },
                "messagingEndpoints": {
                    "fileNotifications": {
                        "lockDurationAsIso8601": "PT1M",
                        "ttlAsIso8601": "PT1H",
                        "maxDeliveryCount": 10
                    }
                },
                "enableFileUploadNotifications": false,
                "cloudToDevice": {
                    "maxDeliveryCount": 10,
                    "defaultTtlAsIso8601": "PT1H",
                    "feedback": {
                        "lockDurationAsIso8601": "PT1M",
                        "ttlAsIso8601": "PT1H",
                        "maxDeliveryCount": 10
                    }
                },
                "features": "None"
            }
        },
        {
            "type": "Microsoft.DocumentDB/databaseAccounts",
            "apiVersion": "2015-04-08",
            "name": "[parameters('databaseAccounts_iot_cosmos_2cd4fc8f_name')]",
            "location": "West US",
            "tags": {
                "defaultExperience": "Core (SQL)"
            },
            "kind": "GlobalDocumentDB",
            "properties": {
                "ipRangeFilter": "",
                "enableAutomaticFailover": false,
                "enableMultipleWriteLocations": false,
                "isVirtualNetworkFilterEnabled": false,
                "virtualNetworkRules": [],
                "databaseAccountOfferType": "Standard",
                "consistencyPolicy": {
                    "defaultConsistencyLevel": "Session",
                    "maxIntervalInSeconds": 5,
                    "maxStalenessPrefix": 100
                },
                "locations": [
                    {
                        "locationName": "West US",
                        "provisioningState": "Succeeded",
                        "failoverPriority": 0
                    }
                ],
                "capabilities": []
            }
        },
        {
            "type": "Microsoft.Storage/storageAccounts",
            "apiVersion": "2018-07-01",
            "name": "[parameters('storageAccounts_iotblob2cd4fc8f_name')]",
            "location": "westus",
            "sku": {
                "name": "Standard_LRS",
                "tier": "Standard"
            },
            "kind": "Storage",
            "properties": {
                "networkAcls": {
                    "bypass": "AzureServices",
                    "virtualNetworkRules": [],
                    "ipRules": [],
                    "defaultAction": "Allow"
                },
                "supportsHttpsTrafficOnly": false,
                "encryption": {
                    "services": {
                        "file": {
                            "enabled": true
                        },
                        "blob": {
                            "enabled": true
                        }
                    },
                    "keySource": "Microsoft.Storage"
                }
            }
        },
        {
            "type": "Microsoft.StreamAnalytics/streamingjobs",
            "apiVersion": "2016-03-01",
            "name": "[parameters('streamingjobs_iot_asa_2cd4fc8f_name')]",
            "location": "West US",
            "properties": {
                "sku": {
                    "name": "Standard"
                },
                "outputStartMode": "JobStartTime",
                "outputStartTime": "2019-04-17T17:01:31.277Z",
                "eventsOutOfOrderPolicy": "Adjust",
                "outputErrorPolicy": "Stop",
                "eventsOutOfOrderMaxDelayInSeconds": 0,
                "eventsLateArrivalMaxDelayInSeconds": 5,
                "dataLocale": "en-US",
                "compatibilityLevel": "1.0"
            }
        },
        {
            "type": "Microsoft.TimeSeriesInsights/environments",
            "apiVersion": "2017-11-15",
            "name": "[parameters('environments_iot_tsi_2cd4fc8f_name')]",
            "location": "westus",
            "sku": {
                "name": "S1",
                "capacity": 1
            },
            "kind": "Standard",
            "properties": {
                "dataRetentionTime": "P30D",
                "storageLimitExceededBehavior": "PurgeOldData"
            }
        },
        {
            "type": "Microsoft.StreamAnalytics/streamingjobs/inputs",
            "apiVersion": "2016-03-01",
            "name": "[concat(parameters('streamingjobs_iot_asa_2cd4fc8f_name'), '/iothub')]",
            "dependsOn": [
                "[resourceId('Microsoft.StreamAnalytics/streamingjobs', parameters('streamingjobs_iot_asa_2cd4fc8f_name'))]"
            ],
            "properties": {
                "type": "Stream",
                "datasource": {
                    "type": "Microsoft.Devices/IotHubs",
                    "properties": {
                        "iotHubNamespace": "iot-hub-2cd4fc8f",
                        "sharedAccessPolicyName": "streamAnalytics",
                        "endpoint": "messages/events",
                        "consumerGroupName": "monitoronly"
                    }
                },
                "compression": {
                    "type": "None"
                },
                "serialization": {
                    "type": "Json",
                    "properties": {
                        "encoding": "UTF8"
                    }
                },
                "etag": "f9ca1c73-dca4-40df-ad69-2e2da3030055"
            }
        },
        {
            "type": "Microsoft.StreamAnalytics/streamingjobs/outputs",
            "apiVersion": "2016-03-01",
            "name": "[concat(parameters('streamingjobs_iot_asa_2cd4fc8f_name'), '/cosmosDb')]",
            "dependsOn": [
                "[resourceId('Microsoft.StreamAnalytics/streamingjobs', parameters('streamingjobs_iot_asa_2cd4fc8f_name'))]"
            ],
            "properties": {
                "datasource": {
                    "type": "Microsoft.Storage/DocumentDB",
                    "properties": {
                        "accountId": "iot-cosmos-2cd4fc8f",
                        "accountKey": null,
                        "database": "IoTCapstone",
                        "collectionNamePattern": "WindFarm",
                        "documentId": ""
                    }
                }
            }
        },
        {
            "type": "Microsoft.TimeSeriesInsights/environments/accesspolicies",
            "apiVersion": "2017-11-15",
            "name": "[concat(parameters('environments_iot_tsi_2cd4fc8f_name'), '/ownerAccessPolicy')]",
            "dependsOn": [
                "[resourceId('Microsoft.TimeSeriesInsights/environments', parameters('environments_iot_tsi_2cd4fc8f_name'))]"
            ],
            "properties": {
                "principalObjectId": "e8ea54df-ba8b-47ee-9d68-8014bfc22d9e",
                "roles": [
                    "Reader",
                    "Contributor"
                ]
            }
        },
        {
            "type": "Microsoft.TimeSeriesInsights/environments/eventsources",
            "apiVersion": "2017-11-15",
            "name": "[concat(parameters('environments_iot_tsi_2cd4fc8f_name'), '/eventsource')]",
            "location": "westus",
            "dependsOn": [
                "[resourceId('Microsoft.TimeSeriesInsights/environments', parameters('environments_iot_tsi_2cd4fc8f_name'))]",
                "[resourceId('Microsoft.Devices/IotHubs', parameters('IotHubs_iot_hub_2cd4fc8f_name'))]"
            ],
            "kind": "Microsoft.IoTHub",
            "properties": {
                "eventSourceResourceId": "[resourceId('Microsoft.Devices/IotHubs', parameters('IotHubs_iot_hub_2cd4fc8f_name'))]",
                "iotHubName": "iot-hub-2cd4fc8f",
                "keyName": "iothubowner",
                "consumerGroupName": "$Default",
                "timestampPropertyName": "",
                "creationTime": "Wed, 17 Apr 2019 04:41:04 GMT",
                "provisioningState": "Succeeded"
            }
        }
    ]
}