{
    "$schema": "https://schema.management.azure.com/schemas/2015-01-01/deploymentParameters.json#",
    "contentVersion": "1.0.0.0",
    "parameters": {
        "accounts_iotdlabstarbuck_defaultDataLakeStoreAccount": {
            "value": null
        },
        "accounts_iotdlabstarbuck_dataLakeStoreAccounts": {
            "value": null
        },
        "sites_iot_func_bstarbuck_name": {
            "value": null
        },
        "IotHubs_iot_hub_bstarbuck_name": {
            "value": null
        },
        "accounts_iotdlsbstarbuck_name": {
            "value": null
        },
        "serverfarms_WestUSLinuxDynamicPlan_name": {
            "value": null
        },
        "storageAccounts_iotblobbstarbuck_name": {
            "value": null
        },
        "accounts_iotdlabstarbuck_name": {
            "value": null
        },
        "streamingjobs_iot_asa_bstarbuck_name": {
            "value": null
        }
    }
}